<?xml version="1.0" encoding="UTF-8"?>
<!DOCTYPE mapper PUBLIC "-//mybatis.org//DTD Mapper 3.0//EN"
"http://mybatis.org/dtd/mybatis-3-mapper.dtd">

<mapper namespace="com.myezen.myapp.persistance.BoardService_Mapper">

<sql id="search">
<if test="searchType !=null and searchType.equals('writer')">
		and writer like '%'|| #{keyword} ||'%'
</if>
<if test="searchType !=null and searchType.equals('subject')">
		and subject like '%'|| #{keyword} ||'%'
</if>
</sql>

<select id="boardSelectAll" parameterType="scri" resultType="bv">
SELECT * FROM(
	SELECT ROWNUM AS rnum, A.* FROM (
	 SELECT * FROM board1230  WHERE delyn='N' 
	 <include refid="search" />
	  ORDER BY originbidx desc, depth asc) A 
	 )B WHERE B.rnum BETWEEN (#{page}-1)*#{perPageNum}+1 AND #{page}* #{perPageNum}

</select>

<select id="boardTotal" parameterType="scri" resultType="int">
   select count(*) as cnt from board1230 where delyn='N' 
    <include refid="search" />
</select>

<update id="boardViewCnt" parameterType="int">
	update board1230 set viewcnt =  NVL(viewcnt,0)+1 where bidx = #{bidx} 
</update>

<select id="boardSelectOne" parameterType="int" resultType="bv">
	select * from board1230 where delyn='N' and bidx=#{bidx}
</select>

<insert id="boardInsert" parameterType="bv" >
INSERT INTO board1230(bidx,originbidx,depth,level_, subject, contents,writer,ip, midx,pwd,filename) 
VALUES(bidx_seq.nextval,bidx_seq.nextval,0,0,#{subject},#{contents},#{writer},#{ip},#{midx},#{pwd},#{filename})
</insert>


</mapper>